Surname;First name;Cl.name;Class;Time;Pl;Points;ZL1;ZL2;ZL3;ZL4;ZL5;ZL6;ZL7;ZL8;ZL9;ZL10;ZL11;ZL12;ZL13;ZL14;ZL15;ZL16;Sum;Average
Mrak;Tibor;OK Azimut;A;;;;1116;1294;1172;974;;1077;1063;1104;;;;;;;;;5763;1153
Borštnik;Andrej;OK Tivoli;A;0:34:36;3;1046;1164;897;1013;965;966;;1126;;;;;826;;;;1046;5315;1063
Zorman;Jernej;OK Komenda;A;0:27:59;1;1154;1163;;;;;;1095;;978;;;;;;887;1154;5277;1055
Pretnar;Janez;OK Azimut;A;;;;1154;1011;981;;1055;;;930;;;;;;;;;5131;1026
Eržen;Valentin;OK Azimut;A;0:37:53;10;992;;1104;992;932;966;1000;899;948;;885;;;;;964;992;5054;1011
Lapajne;Jošt;OK Azimut;A;0:31:11;2;1102;948;;936;;;700;1105;653;;;;924;;;;1102;5015;1003
Kenda;Klemen;OK Azimut;A;0:37:56;11;992;;906;964;922;;872;967;;885;900;;952;;900;1050;992;4925;985
Petrovič;Dušan;OK Polaris;A;0:34:50;4;1042;836;816;;967;900;;892;970;914;919;;782;;;1014;1042;4912;982
Petrovič;Blaž;OK Polaris;A;0:36:20;8;1018;864;;;969;822;;972;815;912;878;;982;;;-;1018;4853;971
Čelik;Patrik;OK Azimut;A;;;;674;810;992;952;;896;;888;;;;;;;;;4538;908
Čufer;David;PD Ajdovščina;A;0:36:19;7;1018;759;603;;845;;874;;847;928;840;;843;;758;;1018;4512;902
Hvala;Gregor;OK Azimut;A;0:38:00;12;991;943;;;932;;800;676;833;;;;;;;;991;4499;900
Burič;Uroš;RJZ Velenje;A;0:36:00;6;1023;409;190;867;;933;;;;841;;;787;;;805;1023;4469;894
Knap;Franc;OK Azimut;A;;;;946;;935;769;;857;;675;;897;;;;;;;4404;881
Pribaković Borštnik;Ana;OK Tivoli;A;0:43:41;20;898;844;887;;920;716;;759;;833;;;782;;;;898;4382;876
Alewijnse;Feike;OK Trzin;A;0:40:43;17;946;;;910;887;587;;;;;;;880;;;736;946;4359;872
Bartulovich;Lorenzo;SSD Gaja;A;0:39:48;15;961;753;;;858;756;;;878;;845;;;;;;961;4298;860
Cimerman;Janez;OK Azimut;A;0:45:32;23;867;738;831;673;857;780;649;755;761;811;626;;822;;803;909;867;4286;857
Čufer;Stanko;PD Ajdovščina;A;0:39:30;14;966;423;509;;614;;862;823;677;520;869;;554;;739;;966;4259;852
Rupnik;Tilen;OK Azimut;A;0:37:44;9;995;-;;1026;958;;637;584;-;;;;;;;;995;4200;840
Foški;Valter;OK Polaris;A;0:43:26;19;902;;;;923;-;;822;692;;;;;;805;;902;4144;829
Borštnik;Aljaž;OK Tivoli;A;;;;;685;926;-;907;;936;;652;;;;;;;;4106;821
Pobežin;Robert;OK Polaris;A;0:35:06;5;1038;;;;939;;;951;-;879;;;;;;;1038;3807;952
Foški;Tajda;OK Polaris;A;0:51:43;27;766;;;825;740;-;;846;618;;;;;;;;766;3795;759
Zupan;Aleš;OK Polaris;A;0:48:33;24;818;;;684;750;;;;637;;;;;;707;760;818;3719;744
Tušar;Peter;OK Azimut;A;;;;;;;893;;1010;;970;;;;821;;;;;3694;924
Kete;Ivo;PD Ajdovščina;A;1:07:08;39;514;301;;873;;;;730;433;843;593;;-;;607;;514;3646;729
Bosisio;Kristian;SCOM Mendriso;A;;;;;;887;416;810;;;845;-;;;644;;;;;3602;720
Udovič;Metka;SCOM Mendriso;A;;;;711;;834;335;616;;;691;675;690;;664;;;;;3601;720
Jeram;Nuša;OK Azimut;A;;;;;787;647;;;897;;597;;;;634;;;;;3562;712
Kacin;Vojko;OK Azimut;A;;;;293;678;722;-;518;342;565;378;758;618;;750;;632;;;3540;708
Pizzamus;Paolo;SSD Gaja;A;0:49:40;25;800;752;;;;;;;674;;693;;;;621;;800;3540;708
Bernik;Jerca;ŠOK;A;0:44:13;21;889;;;897;;;;960;;;;;792;;;;889;3538;884
Zmrzlikar;Jure;OK Komenda;A;;;;1175;1254;;1054;;;;;;;;;;;;;3483;1161
Sladič;Roman;OK Perkmandeljc;A;0:52:17;28;757;566;450;766;;547;;589;400;615;540;;752;;;;757;3479;696
Borštnik;Aleš;OK Tivoli;A;;;;;417;686;-;611;;630;;768;;;766;;;;;3461;692
Flerin;Mojca;OK Komenda;A;0:41:51;18;928;;;;-;755;;;;;;;908;;;687;928;3278;820
Sušnik;Rok;OK Azimut;A;0:53:33;29;736;401;;680;734;;;;;;;;-;;235;530;736;3081;616
Vodopivec;Samo;OK Azimut;A;;;;;;761;;;742;;776;;;;;;;790;;3069;767
Anderluh;Gregor;OK Polaris;A;;;;;;;969;;;1002;;;;;;;;1091;;3062;1021
Pacor;Fulvio;SSD Gaja;A;0:44:25;22;886;488;;;;;;;;;734;;;;760;;886;2868;717
Bončina;Igor;OK Azimut;A;;;;;;;653;653;697;770;;;;;;;;;;2773;693
Clemente;Mauro;SSD Gaja;A;;;;836;;;561;;;;606;;715;;;;-;;;2718;680
Poljanšek;Aleš;OK Azimut;A;0:40:31;16;949;;;;;;840;;901;;;;;;;;949;2690;897
Bartulovich;Antenore;SSD Gaja;A;;;;-;;;654;711;;;720;;588;;;;;;;2673;668
Ravnikar;Andraž;OK Polaris;A;0:39:13;13;971;;;;;;;;;890;;;;;;781;971;2642;881
Jazbar;Jožko;OK Azimut;A;;;;;;883;;;923;;;;834;;;;;;;2640;880
Maček;Marjan;ind.;A;;;;840;;;915;-;;;;;;;;;;732;;2487;829
Koprivc;Matjaž;OK Azimut;A;;;;;;;;619;515;;568;;;;-;;;749;;2451;613
Rojc;Iztok;OK Polaris;A;;;;;;;;;1101;993;;;;;;;;;;2094;1047
Rivetta;Andrea;Semiperdo Maniago;A;;;;;;;;;;;785;;615;;;;686;;;2086;695
Cvek;Manca;OK Azimut;A;;;;709;-;-;;;;-;731;;;;634;;;;;2074;691
Šalamun;Miro;OK Polaris;A;;;;;;;;;;1027;;;;;;;;909;;1936;968
Hošek;Radim;KOB Dobruska;A;;;;1059;;;;;;;;;;;;;;867;;1926;963
Ongaro;Marco;US Primiero;A;;;;;;;;;;;542;;761;;;;543;;;1846;615
Kmetič;Sandi;OK Polaris;A;;;;;929;;898;;;;;;;;;;;;;1827;914
Grabar;Cristina;US Primiero ;A;;;;;;;;;;;461;;713;;;;647;;;1821;607
Čelik;Matija;OK Azimut;A;;;;;797;;;;984;;;;;;;;;;;1781;890
Cukjati;Tobija;OK Polaris;A;;;;;;;;816;;;;963;;;-;;;;;1779;890
De Luisa;Andraž;SSD Gaja;A;;;;;;;;;;64;426;;748;;;;541;;;1779;445
Krivičić;Dragan;OK Prekmandeljc;A;mp;;;;-831;607;28;-;-532;538;8;;548;;;;-89;;-;1729;346
Margiore;Andrea;Orienteering Trieste;A;;;;;;;;;;;909;;;;;;803;;;1712;856
De Luisa;Marko;SSD Gaja;A;1:03:19;34;577;;;;;;;;435;;417;;;;279;;577;1708;427
Kodrič;Nejc;PD Ajdovščina;A;;;;;;947;754;;;;;;;;;;;;;1701;850
Česnik;Martin;RKV Postojna;A;;;;;;;789;904;;;;;;;;;;-;;1693;846
Ruini;Cristina;CAI XXX Ottobre;A;;;;;;;;;;;544;;640;;;;502;;;1686;562
Sedej;Vlado;OK Azimut;A;1:05:45;38;537;;;;;;;;;;544;;;;;514;537;1595;532
Leoni;Gianluca;SSD Gaja;A;;;;558;;;;;;;306;;;;;;685;;;1549;516
Štalekar;Maja;ind.;A;;;;;;;;590;441;497;;;;;;;;;;1528;509
Corredig;Antonino;Semiperdo Maniago;A;;;;;;;;;;;338;;593;;;;481;;;1412;471
Viviani;Paolo Daniele;CAI XXX Ottobre;A;;;;;;;;;;;660;;730;;;;;;;1390;695
Hechich;Marirosa;Semiperdo Maniago;A;;;;;;;;;;;672;;;;;;716;;;1388;694
Drevenšek;Suzana;;A;0:57:33;31;671;;;;-;;;;;;;;-;;;708;671;1379;690
Gramaccia;Danilo;Semiperdo Maniago;A;;;;;;;;;;;711;;615;;;;;;;1326;663
Dorigo;Marco;CAI XXX Ottobre;A;;;;;;;;;;;669;;638;;;;;;;1307;654
Pacasso;Alessandro;Semiperdo Maniago;A;;;;;;;;;;;171;;643;;;;476;;;1290;430
Hribar;Andraž;OK Brežice;A;;;;;;;;;;1262;;;;;;;;;;1262;1262
Cignini;Enrico;CAI XXX Ottobre;A;;;;;;;;;;;;;572;;;;678;;;1250;625
Radovan;Dalibor;OK Polaris;A;;;;;;;644;563;;;;;;;;;;;;1207;604
Seppi;Marco;CUS Bologna;A;;;;;;;;;;;1205;;;;;;;;;1205;1205
Pestotnik;Rok;Pustolovec Rajd;A;;;;405;;;;;;;;;;;798;;;;;1203;602
Lapajne;Janko;OK Azimut;A;1:04:18;36;560;;-536;;;;;;;;598;;;;;;560;1158;579
Barbone;Giacomo;CAI XXX Ottobre;A;;;;;;;;;;;1068;;;;;;;;;1068;1068
Bogovič;Vid;OK Brežice;A;;;;1027;;;;;;;;;;;;;;;;1027;1027
Radovanovic;Slobodan;Magicmap;A;;;;;;;;;;;;;;;;;1009;;;1009;1009
Guizzardi;Michela;CUS Bologna;A;;;;;;;;;;;1000;;;;;;;;;1000;1000
Močnik;Rok;OK Azimut;A;;;;;;;;;994;;;;;;;;;;;994;994
Jokolar;Zdenek;Noclub;A;;;;;;;;;;;;;;;;;987;;;987;987
Dovč;Jan;OK Tivoli;A;;;;;;;;;;954;;;;;;;;;;954;954
Rozzi;Alessio;SSD Gaja;A;0:54:56;30;714;;;;;;;;-19;;;;;;194;;714;908;454
Škarabot;Miha;OK Polaris;A;;;;;;;;;;;;;;;;;;898;;898;898
Mosca;Massimo;CAI XXX Ottobre;A;;;;;;;;;;;884;;;;;;;;;884;884
Oetnik;Siegfried;HSV Bleiburg;A;;;;;;;;;;878;;;;;;;;;;878;878
Bohinc;Boštjan;;A;;;;;;;;;;;;;;;877;;;;;877;877
Bettin;Renato;Swallows;A;;;;;;;;;;;869;;;;;;;;;869;869
Petrovič;Uroš;OK Polaris;A;;;;861;;;;;;;;;;;;;;;;861;861
Pretnar;Tanja;OK Azimut;A;;;;859;;;;;;;;;;;;;;;;859;859
Hauptman;Matej;RJZ Velenje;A;;;;;;;;;;;;835;;;;;;;;835;835
Predonzani;Livio;CAI XXX Ottobre;A;;;;;;;;;;;814;;;;;;;;;814;814
Hvala;Tomaž;OK Azimut;A;0:50:34;26;785;;;;;;;;;;;;;;;;785;785;785
Šegula;Aljaž;OK Polaris;A;;;;-;;;;;;778;;;;;;;;;;778;778
Obersnel;Marco;Semiperdo Maniago;A;;;;;;;;;;;;;736;;;;;;;736;736
Tremul;Michael;CAI XXX Ottobre;A;;;;;;;;;;;730;;;;;;;;;730;730
Roveri;Alessio;SSD Gaja;A;;;;;;;;;;;718;;;;;;;;;718;718
Plavčak;Ana;OK Azimut;A;;;;;;;644;;;;68;;;;;;;;;712;356
Kolner;Blaž;;A;;;;;;;;;;;;;;;701;;;;;701;701
Sylvester;Mark;CAI XXX Ottobre;A;;;;;;;;;;;;;698;;;;;;;698;698
Palusa;Sergio;CAI XXX Ottobre;A;;;;;;;;;;;;;690;;;;;;;690;690
Ruzzier;Fiorenzo;SSD Gaja;A;;;;;;;;;;;;;569;;;;110;;;679;340
Zambiasi;Clizia;Semiperdo Maniago;A;;;;;;;;;;;;;;;;;674;;;674;674
Kolman;Miran;OK Azimut;A;;;;;;;;661;;;;;;;;;;;;661;661
Keresteš;Krešo;OK Trzin;A;;;;;;657;;;;;;;;;;;;;;657;657
Dragarin;Meta;;A;;;;;;;;;;;;;;;655;;;;;655;655
Kolar;Ana Marija;OK RJZ;A;0:59:11;32;644;;;;;;;;;;;;;;;;644;644;644
Apollonio;Fulvio;Corivorivo;A;;;;;;;;;;;616;;;;;;;;;616;616
Germani;Marko;SSD Gaja;A;1:01:48;33;601;;;;;;;;;;;;;;;;601;601;601
Rejec;Gašper;OK Azimut;A;1:04:14;35;562;;;;;;-68;;;;;;;;;;562;562;562
Bukovnik;Tina;OK RJZ;A;1:05:13;37;546;;;;;;;;;;;;;;;;546;546;546
Majnik;Tilen;OK Azimut;A;;;;;;;;;;;533;;;;;;;;;533;533
Almerigogna;Guido;SSD Gaja;A;;;;;;;;;;;525;;;;;;;;;525;525
Čebašek;Jure;OK Polaris;A;;;;;;;;;;509;;;;;;;;;;509;509
Zupančič;Maja;;A;;;;;;;;;;;;;;;434;;;;;434;434
Vecchies;Donatella;Semiperdo Maniago;A;;;;;;;;;;;;;421;;;;;;;421;421
Siega;Gianfranco;SSD Gaja;A;;;;;;;;;;;375;;;;;;;;;375;375
Smolej;Katarina;OK Azimut;A;;;;;;374;;;;;;;;;;;;;;374;374
Gaion;Sara;Orienteering Trieste;A;;;;;;;;;;;;;350;;;;23;;;373;186
Toffanin;Fabio;Cai xxx ottobre;A;;;;;;;;;;;;;;;;;328;;;328;328
Ruzzier;Margherita;CAI XXX Ottobre;A;;;;;;;;;;;;;322;;;;;;;322;322
Xausa;Gabriella;Friuli MTB;A;;;;;;;;;;;;;321;;;;;;;321;321
Mirnik;Jona;OK Komenda;A;;;;309;;;;;;;;;;;;;;;;309;309
Gajon;Sara;Orienteering Trieste;A;;;;;;;;;;;296;;;;;;;;;296;296
Vlahovič;Živa;;A;;;;;;;;;;;;;;;255;;;;;255;255
Pelessoni;Renato;SSD Gaja;A;;;;;;;;;;;;;;;;;217;;;217;217
Cereatti;Roberto;Friuli MTB;A;;;;;;;;;;;162;;;;;;;;;162;162
Dučak;Igor;ind.;A;;;;;;;;;152;;;;;;;;;;;152;152
Luin;Rinaldo;SSD Gaja;A;;;;;;;;;;;120;;-25;;;;-47;;;120;120
Rejec;Gašper;OK Azimut;B;;;;366;330;354;339;;;;364;351;332;;241;;269;;;1774;355
Poljanšek;Katjuša;OK Azimut;B;0:37:25;14;256;287;;268;206;;324;;404;;;;;;;;256;1539;308
Petrovic;Gašper;OK Polaris;B;0:28:06;7;356;;241;;183;142;;246;333;264;305;;203;;;226;356;1504;301
Slapničar;Anja;RJZ Velenje;B;;;;220;323;265;;266;;;;;;;236;;;302;;1392;278
Štor;Luka;PD Ajdovščina;B;;;;;;320;231;;;222;305;;;;;;307;;;1385;277
Zupan;Polona;OK Polaris;B;0:36:56;12;266;;;276;-;;;215;326;;;;;;262;247;266;1377;275
Vukajlovič;Vladan;DGN SP;B;0:48:47;16;196;291;126;194;224;;194;;141;347;286;;;;;;196;1344;269
Foschian;Andrea;Semiperdo Maniago;B;;;;;;;;;;;468;;423;;;;396;;;1287;429
Šalamun;Jan;OK Polaris;B;;;;330;;;;;;282;;354;;;;;;275;;1241;310
Škarabot;Matej;OK Polaris;B;;;;;273;229;;;;322;391;;;;;;;;;1215;304
Kristan;Martin;OK Komenda;B;0:27:31;6;366;;;;;220;;;;297;;;302;;;;366;1185;296
Črnigoj;Nina;PD Ajdovščina;B;;;;-;236;235;243;;;;243;;;;;;179;;;1136;227
Rejec;Pavel;DGN SP;B;;;;-;256;279;-;;175;;-;254;161;;;;111;;;1125;225
Ravnikar;Monika;OK Komenda;B;0:27:09;5;374;295;;;;;;;;244;;;191;;;;374;1104;276
Ferluga;Peter;SSD Gaja;B;;;;;;;;;;;436;;388;;;;234;;;1058;353
Rupnik;Andraž;OK Azimut;B;0:32:04;8;315;;;246;212;;188;;-;;;;;;;;315;961;240
Ravnikar;Žan;OK Komenda;B;0:24:49;2;414;;;;;;;;;280;;;187;;;;414;881;294
Škvarč;Teja;PD Ajdovščina;B;0:39:00;15;243;114;184;158;127;;159;;;;;;;;;;243;871;174
Pretnar;Irma;OK Azimut;B;;;;193;250;202;;;;;218;;;;;;;;;863;216
Fortunati;Alberto;Orienteering Trieste;B;;;;;;;;;;;420;;218;;;;224;;;862;287
Sergas;Mauro;CAI XXX Ottobre;B;;;;;;;;;;;395;;414;;;;;;;809;404
Sepin;Chiara;SSD Gaja;B;;;;;;;;;;;259;;326;;;;210;;;795;265
Anderluh;Marija;OK Polaris;B;;;;;;;217;;;250;;;;;;;;327;;794;265
Rejec;Marjana;DGN SP;B;;;;110;144;123;-;;144;;168;212;109;;;;73;;;791;158
Cibin;Irene;CAI XXX Ottobre;B;;;;;;;;;;;318;;228;;;;228;;;774;258
Germani;Marko;SSD Gaja;B;;;;;;;;;;;312;;225;;;;205;;;742;247
Aljančič;Eva;ind.;B;0:24:47;1;417;;;;;;;;;316;;;;;;;417;733;366
Sinigaglia;Antonella;SSD Gaja;B;0:49:07;17;191;;;;;;;;148;;194;;;;146;;191;679;170
Zupan;Aleš;OK Polaris;B;;;;;;;;;;345;;;;;333;;;;;678;339
Mattioni;Flavio;Semiperdo Maniago;B;;;;;;;;;;;298;;355;;;;;;;653;326
Scolini;Camilla;CAI XXX Ottobre;B;;;;;;;;;;;295;;358;;;;;;;653;326
Kovač;Marija;PD Ajdovščina;B;0:54:46;18;170;;;;;;;;;194;270;;;;-;;170;634;211
Specogna;Giuseppe;Friuli MTB;B;;;;;;;;;;;;;335;;;;293;;;628;314
Zabukovec;Klemen;PD Ajdovščina;B;1:12:56;21;121;;;139;;;;201;161;;;;;;;;121;622;156
Močnik;Griša;OK Polaris;B;0:26:39;4;383;;;;;;;;;;;;;;;236;383;619;310
Sturni;Matteo;Orienteering Trieste;B;;;;;;;;;;;;;280;;;;314;;;594;297
Sedej;Vlado;OK Azimut;B;;;;;;;;;;;357;;;;226;;;;;583;292
Foški;Tajda;OK Polaris;B;;;;324;;;;;;;;;;;;;;253;;577;288
Volčič;Maša;OK Tivoli;B;;;;276;;;;;;291;;;;;;;;;;567;284
Cafagna;Michele;Orienteering Trieste;B;;;;;;;;;;;;;311;;;;250;;;561;280
Bertoni;Mario;Orienteering Trieste;B;;;;;;;;;;;211;;347;;;;;;;558;279
Salaris;Lisa;Orienteering Trieste;B;;;;;;;;;;;302;;252;;;;;;;554;277
Bukovnik;Tina;RJZ Velenje;B;;;;;222;154;;176;;;;;;;;;;;;552;184
Mirnik;Jona;OK Komenda;B;;;;;278;;265;;;;;;;;;;;;;543;272
Bratina;Kaja;PD Ajdovščina;B;;;;;;;;;;192;344;;;;;;;;;536;268
Aljančič;Nataša;;B;0:26:28;3;389;;;;;;;;;-;;;130;;;;389;519;260
Kuzmin;Anka;Semiperdo Maniago;B;;;;;;;;;;;;;222;;;;296;;;518;259
Selem;Luca;Malipiero;B;;;;;;;;;;;247;;255;;;;;;;502;251
Foški;Brina;OK Polaris;B;0:37:19;13;260;;;;;;;237;-;;;;;;;;260;497;248
Predonzan;Roberto;Orienteering Trieste;B;;;;;;;;;;;;;244;;;;246;;;490;245
Lipužič;Marjeta;OK Komenda;B;;;;213;;;;;;;;267;;;-;;;;;480;240
Hrovat;Maj;OK Trzin;B;;;;249;;;228;;;;;;;;;;;;;477;238
Xausa;Gabriella;Friuli MTB;B;;;;;;;;;;;255;;;;;;220;;;475;238
De Cristini;Chiara;SSD Gaja;B;;;;;;;;;;;183;;290;;;;;;;473;236
Bolzonella;Manuela;Malipiero;B;;;;;;;;;;;267;;203;;;;;;;470;235
Pobežin;Katarina;OK Polaris;B;0:35:29;10;282;;;;-;;;177;;;;;;;;;282;459;230
Špendl;Martin;OK Trzin;B;;;;197;;;257;;;;;;;;;;;;;454;227
Visintin;Federica;Semiperdo Maniago;B;;;;;;;;;;;-;;259;;;;192;;;451;226
Cereatti;Roberto;Friuli MTB;B;;;;;;;;;;;;;232;;;;215;;;447;224
Sepin;Claudio;SSD Gaja;B;;;;143;;;;;;;276;;-;;;;;;;419;210
Tomažin;Urša;OK Azimut;B;;;;;;;;;;;416;;;;;;;;;416;416
Viviani;Irene;CAI XXX Ottobre;B;;;;;;;;;;;238;;;;;;161;;;399;200
Strukel;Giuliana;CAI XXX Ottobre;B;;;;;;;;;;;113;;129;;;;150;;;392;131
Nardi;Mauro;Semiperdo Maniago;B;;;;;;;;;;;385;;;;;;;;;385;385
Tonolo;Silvano;EREBUS;B;;;;;;;;;;;377;;;;;;;;;377;377
Zanardi;Stefano;Swallows;B;;;;;;;;;;;354;;;;;;;;;354;354
Krhlikar;Denis;OK Azimut;B;0:55:03;19;166;;187;;;;;;;;;;;;;;166;353;176
Venir;Raffaele;Semiperdo Maniago;B;;;;;;;;;;;350;;;;;;;;;350;350
Albano;Alessia;CAI XXX Ottobre;B;;;;;;;;;;;347;;;;;;;;;347;347
Humar;Matjaž;ind.;B;;;;;345;;;;;;;;;;;;;;;345;345
Takala;Piia;Ylistaron KilpaVeljet;B;;;;;;;;;;;;;340;;;;;;;340;340
Lapajne;Janko;OK Azimut;B;;;;;;;;;;;339;;;;;;;;;339;339
Jeram;Nuša;OK Azimut;B;;;;337;;;;;;;;;;;;;;;;337;337
Sbrizzi;Paolo;Friuli MTB;B;;;;;;;;;;;192;;145;;;;-;;;337;168
Keresteš;Mateja;OK Trzin;B;;;;;;172;165;;;;;;;;;;;;;337;168
Tumpej;Jure;Taborniki;B;;;;;;;;336;;;;;;;;;;;;336;336
Ferenc;Julija;OK Tivoli;B;;;;;;;;;;;;331;;;;;;;;331;331
Felchero;Mauro;Friuli orienteering;B;;;;;;;;;;;;;;;;;326;;;326;326
Lenarduzzi;Fulvio;ORSCHOOL;B;;;;;;;;;;;326;;;;;;;;;326;326
Zupin;Maddalena;CAI XXX Ottobre;B;;;;;;;;;;;323;;;;;;;;;323;323
Insigna;Livio;SSD Gaja;B;;;;;;;;;;;;;322;;;;;;;322;322
De Luisa;Andraž;SSD Gaja;B;;;;316;;;;;;;;;;;;;;;;316;316
Kremžar Pančur;Kim;OK Komenda;B;;;;;;;;;;;;304;;;-;;;;;304;304
Jerman;Lara;OK Trzin;B;;;;299;;;;;;;;;;;;;;;;299;299
Debeljak;Maruša;OK Polaris;B;0:35:23;9;286;;;;;;;;;;;;;;;;286;286;286
Dremel;Ula;OK Trzin;B;;;;284;;;;;;;;;;;;;;;;284;284
Ghersi;Giorgio;Orienteering Trieste;B;;;;;;;;;;;284;;;;;;;;;284;284
Mešinovič;Rahmo;OK Tivoli;B;;;;;;;;;;;;275;;;;;;;;275;275
Poljanšek;Marjanca;OK Azimut;B;0:36:17;11;274;;;;;;;;;;;;;;;;274;274;274
Burger;Veronika;OK Polaris;B;;;;273;;;;;;;;;;;;;;;;273;273
Škvarč;Dejan;PD Ajdovščina;B;;;;;;272;;;;;;;;;;;;;;272;272
Ghersi;Alice;Orienteering Trieste;B;;;;;;;;;;;263;;;;;;;;;263;263
Vergerio;Pierpaolo;SSD Gaja;B;;;;;;;;;;;107;;151;;;;;;;258;129
Giudici;Piero;Orienteering trieste;B;;;;;;;;;;;;;;;;;256;;;256;256
Ferro;Marisa;Semiperdo Maniago;B;;;;;;;;;;;117;;125;;;;-;;;242;121
Koradin;Rene;PD Ajdovščina;B;;;;;;;;;;;;;239;;;;;;;239;239
Lampič;Zala;OK Azimut;B;;;;;;;;;235;;;;;;;;;;;235;235
Favretto;Luana;Orienteering Trieste;B;;;;;;;;;;;235;;;;;;;;;235;235
Bambič;Urša;ind.;B;;;;;;;;;;;;233;;;;;;;;233;233
Mandič;Igor;OK Polaris;B;;;;;;;;;;;;;;;;;;230;;230;230
Kolar;Ana Marija;RJZ Velenje;B;;;;;;;;216;;;;;;;;;;;;216;216
Petkovšek;Gal;OK Azimut;B;;;;;212;;;;;;;;;;;;;;;212;212
Cereser;Elvio;Corivorivo;B;;;;;;;;;;;;;209;;;;;;;209;209
Čufer;Ana;PD Ajdovščina;B;;;;209;;;;;;;;;;;;;;;;209;209
Černigoj;Nina;PD Ajdovščina;B;;;;;;;;;;207;;;;;;;;;;207;207
Salaris;Gianni;Orienteering Trieste;B;;;;;;;;;;;207;;;;;;;;;207;207
Modic;Gašper R;;B;;;;;;;;;;;;;;;;;;207;;207;207
Pavan;Marco;Semiperdo Maniago;B;;;;;;;;;;;;;;;;;199;;;199;199
Sovran;Francesca Ssd Gaja;Semiperdo Maniago;B;;;;;;;;;;;199;;;;;;;;;199;199
Cigoj;Jure;PD Ajdovščina;B;;;;;;190;;;;;;;;;;;;;;190;190
Ukmar;Anže;PD Ajdovščina;B;;;;;;;;;;;188;;;;;;;;;188;188
Mantovani;Antonella;Cai xxx ottobre;B;;;;;;;;;;;;;;;;;188;;;188;188
Foški;Mojca;OK Polaris;B;;;;;;;;;;183;;;;;;;;;;183;183
Robida;Denis;RJZ Velenje;B;;;;;;;;181;;;;;;;;;;;;181;181
Demir;Rafaela;ind.;B;;;;;;;;;180;;;;;;;;;;;180;180
Gratton;Donatella;CAI XXX Ottobre;B;;;;;;;;;;;178;;;;;;;;;178;178
Ruzzier;Margherita;Cai xxx ottobre;B;;;;;;;;;;;;;;;;;176;;;176;176
Krivičič;Dragan;;B;;;;;;;;;;;;;;;173;;;;;173;173
Novak;Anže Gorjan;OK Komenda;B;;;;;;;;173;;;;;;;;;;;;173;173
Palusa;Martina;CAI XXX Ottobre;B;;;;;;;;;;;172;;;;;;;;;172;172
Kop;Eva;ind.;B;;;;;;;;;;;;170;;;;;;;;170;170
Zager;Živa;RJZ Velenje;B;;;;;-;;;-;;;;158;;;;;;;;158;158
Volk;Žiga;RJZ Velenje;B;;;;;;;;158;;;;;;;;;;;;158;158
Endler;Adriano;Cai xxx ottobre;B;;;;;;;;;;;;;;;;;157;;;157;157
Lin;Fiorella;Semiperdo Maniago;B;;;;;;;;;;;;;156;;;;;;;156;156
De Monte;Tiziana;CAI XXX Ottobre;B;;;;;;;;;;;65;;85;;;;;;;150;75
Jordan;Paolo;CAI XXX Ottobre;B;;;;;;;;;;;;;148;;;;;;;148;148
Triglav;S S K;ind.;B;;;;;;;;;;141;;;;;;;;;;141;141
Dobelšek;Simon;;B;;;;;;;;;;;;;;;139;;;;;139;139
De Luisa;Marko;SSD Gaja;B;;;;139;;;;;;;;;;;;;;;;139;139
Mirnik;Pia;RJZ Velenje;B;;;;;;;;137;;;;;;;;;;;;137;137
Špenko;Jure;;B;1:08:36;20;132;;;;;;;;;;;;;;;;132;132;132
Colombo;Cristiano;Cai xxx ottobre;B;;;;;;;;;;;;;;;;;125;;;125;125
Crevatin;Patrizia;SSD Gaja;B;;;;;;;;;;;124;;;;;;;;;124;124
Ruini;Marco;CAI XXX Ottobre;B;;;;;;;;;;;;;118;;;;-;;;118;118
Drev;Jernej;RJZ Velenje;B;;;;;;;;112;;;;;;;;;;;;112;112
Novak;Maurizio;SSD Gaja;B;;;;;;;;;;;103;;;;;;;;;103;103
Koželjnik;Kaja;RJZ Velenje;B;;;;;;;;96;;;;;;;;;;;;96;96
Schiavuzzi;Fulvia;Cai xxx ottobre;B;;;;;;;;;;;;;;;;;96;;;96;96
Loi;Corrado;SSD Gaja;B;;;;;;;;;;;96;;;;;;;;;96;96
Vukajloviè;Vladan;OK Azimut;B;;;;;;;;;;;;;;;;;89;;;89;89
Poldrugo;Pierpaolo;CAI XXX Ottobre;B;;;;;;;;;;;;;81;;;;;;;81;81
Škvarč;Sašo;PD Ajdovščina;C;0:22:27;3;132;59;;118;113;102;108;;;115;114;;;;;;132;592;118
Zupan;Peter;OK Polaris;C;0:21:18;1;140;;;96;90;;;101;65;;;;;;;105;140;532;106
Harej;Daša;PD Ajdovščina;C;0:25:37;5;116;;39;56;;;;91;;87;97;;;;27;;116;447;89
Slejko;Nik;PD Ajdovščina;C;0:34:04;9;88;;37;80;79;;;;;;68;;;;53;;88;368;74
Kete;Jana;PD Ajdovščina;C;0:36:19;11;81;-;;86;77;;;;37;68;-;;-;;23;;81;349;70
Rijavec;Jure;PD Ajdovščina;C;0:41:36;15;68;60;;54;93;-;;;;;;;;;42;;68;317;63
Sever;Matic;PD Ajdovščina;C;;;;;;;;;87;;47;89;35;;;;49;;;307;61
Kmetič;Zarja;OK Polaris;C;;;;;;69;41;93;;67;;;;;;;;;;270;68
Vojvoda;Maks;OK Komenda;C;0:26:10;6;113;;;;;;;;;76;;;58;;;;113;247;82
Pahor;Maj Peter;PD Ajdovščina;C;;;;-;50;103;86;-;;;;;;;;;;;;239;80
Kavčič;Matjaž;ind.;C;0:22:10;2;135;;;;;;;;;99;;;;;;;135;234;117
Pahor;Nejc;PD Ajdovščina;C;0:37:23;12;78;;;75;74;;;;;;;;;;;;78;227;76
Škarabot;Anja;OK Polaris;C;;;;;41;64;;;;74;;;;;;;;48;;227;57
Simonelli;Maria Elena;Semiperdo Maniago;C;;;;;;;;;;;114;;95;;;;;;;209;104
Anderluh;Luka;OK Polaris;C;;;;;;;67;;;109;;;;;;;;32;;208;69
Bratina;Kaja;PD Ajdovščina;C;;;;;91;;114;;;;;;;;;;;;;205;102
Koradin;Elena;PD Ajdovščina;C;0:44:31;18;61;;;;;-;77;;;61;;;;;;;61;199;66
Poljanšek;Nika;OK Azimut;C;0:31:35;7;96;;;;;;94;;;;;;;;;;96;190;95
Remškar;Žan;PD Ajdovščina;C;;;;;;83;-;;;;93;;;;;;;;;176;88
Tarabocchia;Francesca;CAI XXX Ottobre;C;;;;;;;;;;;76;;87;;;;;;;163;82
Lin;Fiorella;Semiperdo Maniago;C;;;;;;;;;;;52;;;;;;100;;;152;76
Eržen;Nea;OK Azimut;C;0:38:18;13;75;;;;;;73;;;;;;;;;;75;148;74
Bizjak;Žan;PD Ajdovščina;C;;;;;58;82;-;-;;;;;;;;;;;;140;70
Mc Querrie;Nina;;C;0:47:30;19;56;;;;;;;;;;;;76;;;;56;132;66
Močnik;Saš;OK Polaris;C;0:22:42;4;130;;;;;;;;;;;;;;;;130;130;130
Zupan;Neža;OK Polaris;C;0:35:29;10;84;;;;;;;-;;;;;;;;46;84;130;65
Štremfelj;Anže;OK Azimut;C;0:50:11;21;51;;;;;;;;79;;;;;;;;51;130;65
Visintin;Giulia;SSD Gaja;C;;;;;;;;;;;126;;;;;;;;;126;126
Koradin;Rene;PD Ajdovščina;C;;;;;;;91;;;;34;;;;;;;;;125;62
Donini;Adriana;SSD Gaja;C;;;;;;;;;;;39;;45;;;;41;;;125;42
Ravnikar;Nika;;C;0:42:11;16;66;;;;;;;;;54;;;;;;;66;120;60
Simonič;Matjaž;PD Ajdovščina;C;;;;;;115;;;;;;;;;;;;;;115;115
;Ivan;Magicmap;C;;;;;;;;;;;;;;;;;113;;;113;113
Štor;Luka;PD Ajdovščina;C;;;;;109;;;;;;;;;;;;;;;109;109
Petrovič;Filip;OK Polaris;C;;;;;;;108;;;;;;;;;;;;;108;108
Pestotnik Stres;Svit;;C;;;;;;;;;;;;;;;106;;;;;106;106
Škarabot;Matej;OK Polaris;C;;;;106;;;;;;;;;;;;;;;;106;106
Ukmar;Anže;PD Ajdovščina;C;;;;;;;;;;105;;;;;;;;;;105;105
Simonelli;Mariaelena;Semiperdo Maniago;C;;;;;;;;;;;;;;;;;104;;;104;104
Praprotnik;Deja;OK Azimut;C;;;;;;;;;103;;;;;;;;;;;103;103
Borštnik;Anže;OK Tivoli;C;;;;;;;;;;103;;;;;;;;;;103;103
Bizjak;Žiga;PD Ajdovščina;C;;;;58;-;41;;;;;;;;;;;;;;99;50
Grgič;Jan;SSD Gaja;C;;;;;;;;;;;97;;;;;;;;;97;97
Lakovic;Paolo;Triathlon gorizia;C;;;;;;;;;;;;;;;;;96;;;96;96
Pogačar;Ana Pia;ind.;C;0:47:31;20;55;;;;;;;;;41;;;;;;;55;96;48
Kunc;Gregor;;C;;;;;;;;;;;;;;;95;;;;;95;95
Zavrl;Zala;OK Komenda;C;0:32:55;8;92;;;;;;;;;;;;;;;;92;92;92
Cafagna;Michele;Orienteering Trieste;C;;;;;;;;;;;91;;;;;;;;;91;91
Giannini;Emanuela;SSD Gaja;C;;;;;;;;;;;;;91;;;;;;;91;91
Stres;Luna;;C;;;;;;;;;;;;;;;89;;;;;89;89
Mc Querrie;Andreja;;C;;;;;;;;;;;;;;;88;;;;;88;88
Fontanot;Luca;CAI XXX Ottobre;C;;;;;;;;;;;74;;;;;;;;;74;74
Almerigogna;Giusto;SSD Gaja;C;;;;;;;;;;;73;;;;;;;;;73;73
Močnik;Fedja;OK Polaris;C;0:38:48;14;73;;;;;;;;;;;;;;;;73;73;73
Bone;Matevž;PD Ajdovščina;C;;;;;;71;;;;;;;;;;;;;;71;71
Petrovič;Domenin Filip;OK Polaris;C;;;;68;;;;;;;;;;;;;;;;68;68
Pasquotto;Gianfranco;SSD Gaja;C;;;;;;;;;;;67;;;;;;;;;67;67
Črnigoj;Nina;PD Ajdovščina;C;;;;;;;;;66;;;;;;;;;;;66;66
Kop;Bor;ind.;C;;;;;;;;;;;;66;;;;;;;;66;66
De Luisa;Tjaša;SSD Gaja;C;0:42:30;17;65;;;;;;;;;;;;;;;;65;65;65
Krhlikar;Denis;OK Azimut;C;;;;;;;;;;;63;;;;;;;;;63;63
Valente;Gianpiero;Cai xxx ottobre;C;;;;;;;;;;;;;;;;;62;;;62;62
Petrovič;Gašper;OK Polaris;C;;;;61;;;;;;;;;;;;;;;;61;61
Nardi;Cecilia;Semiperdo Maniago;C;;;;;;;;;;;61;;;;;;;;;61;61
Pasquotto;Giancarlo;SSD Gaja;C;;;;;;;;;;;;;60;;;;-;;;60;60
Ferenc;Zala;OK Tivoli;C;;;;;;;;;;;;59;;;;;;;;59;59
Sparti;Lia;Semiperdo Maniago;C;;;;;;;;;;;59;;;;;;;;;59;59
Fattor;Fabio;CAI XXX Ottobre;C;;;;;;;;;;;;;58;;;;;;;58;58
Valente;Sebastiano;Cai xxx ottobre;C;;;;;;;;;;;;;;;;;55;;;55;55
Gelsomino;Franco;Orienteering Trieste;C;;;;;;;;;;;55;;;;;;;;;55;55
Chierego;Beatrice;CAI XXX Ottobre;C;;;;;;;;;;;;;54;;;;;;;54;54
Matic Sever;Jure Podgornik;PD Ajdovščina;C;;;;;;51;;;;;;;;;;;;;;51;51
Podgornik;Jure;ind.;C;;;;;;;;;;;;51;;;;;;;;51;51
Russi;Gigliola;SSD Gaja;C;;;;;;;;;;;51;;;;;;;;;51;51
De Cristini;Paolo;SSD Gaja;C;;;;;;;;;;;50;;;;;;;;;50;50
Foški;Oskar;OK Polaris;C;;;;;;;;;;49;;;;;;;;;;49;49
Mcquerrie;Andreja;OK Komenda;C;0:50:51;22;49;;;;;;;;;;;;;;;;49;49;49
Pust;Matic;ind.;C;;;;;;;;;;;;47;;;;;;;;47;47
Rijavec;Manca;PD Ajdovščina;C;;;;;47;;;;;;;;;;;;;;;47;47
Anderluh;Katarina;OK Polaris;C;;;;;;;-;;;;;;;;;;;47;;47;47
Budihna;Jon;OK Polaris;C;;;;;;;;;;47;;;;;;;;;;47;47
Koradin;Andrej;PD Ajdovščina;C;;;;;;;;;;;;;47;;;;;;;47;47
Kovač;Marija;PD Ajdovščina;C;;;;;;;;;;;44;;;;;;;;;44;44
Obersnel;Lorenzo;CAI Monfalcone;C;;;;;;;;;;;;;44;;;;;;;44;44
Sladič;Irena;OK Perkmandeljc;C;;;;;;;;;;;;44;;;;;;;;44;44
Benčina;Metka;DGNSP;C;;;;;;43;;;;;;;;;;;;;;43;43
Elena Koradin;Gaja Podgornik;PD Ajdovščina;C;;;;;;40;;;;;;;;;;;;;;40;40
Podgornik Koradin;Gaja Elena;PD Ajdovščina;C;;;;;;;39;;;;;;;;;;;;;39;39
Progar;Ana;ind.;C;;;;;;;;;;;;39;;;;;;;;39;39
Poldrugo;Pierpaolo;Cai xxx ottobre;C;;;;;;;;;;;;;;;;;36;;;36;36
Bratos;Paolo;Orienteering Trieste;C;;;;;;;;;;;35;;;;;;;;;35;35
Cigoj;Jure;PD Ajdovščina;C;;;;;35;;;-;;;;;;;;;;;;35;35
Zajc;Maja;OK Azimut;C;;;;;;;;;34;;;;;;;;;;;34;34
Čebron Golob Bole;Nuša Ana Anja;PD Ajdovščina;C;;;;;;;31;;;;;;;;;;;;;31;31
Di Mille;Cristina;SSD Gaja;C;;;;;;;;;;;;;28;;;;;;;28;28
Toncich;Monica;SSD Gaja;C;;;;;;;;;;;27;;;;;;;;;27;27
Mocor;;KSB;C;;;;;;;;;;;19;;;;;;;;;19;19
